site,year_baseline,year_perturbed,n_star
ABBY,2017,2018,5
ABBY,2018,2019,5
ABBY,2019,2020,5
ABBY,2020,2021,5
ABBY,2021,2022,5
ABBY,2022,2023,5
BARR,2017,2018,5
BARR,2018,2019,5
BARR,2019,2021,5
BARR,2021,2022,5
BARR,2022,2023,5
BART,2014,2015,5
BART,2015,2016,5
BART,2016,2017,6
BART,2017,2018,5
BART,2018,2019,5
BART,2019,2020,5
BART,2020,2021,5
BART,2021,2022,5
BART,2022,2023,5
BLAN,2015,2016,5
BLAN,2016,2017,5
BLAN,2017,2018,5
BLAN,2018,2019,5
BLAN,2019,2020,5
BLAN,2020,2021,5
BLAN,2021,2022,5
BLAN,2022,2023,5
BONA,2017,2018,5
BONA,2018,2019,5
BONA,2019,2020,5
BONA,2020,2021,5
BONA,2021,2022,5
BONA,2022,2023,5
CLBJ,2016,2017,5
CLBJ,2017,2018,5
CLBJ,2018,2019,5
CLBJ,2019,2021,5
CPER,2013,2014,5
CPER,2014,2015,5
CPER,2015,2016,5
CPER,2016,2017,5
CPER,2017,2018,5
CPER,2018,2019,5
CPER,2019,2020,5
CPER,2020,2021,5
CPER,2021,2022,5
CPER,2022,2023,5
DCFS,2017,2018,5
DCFS,2018,2019,5
DCFS,2019,2020,5
DCFS,2020,2021,5
DCFS,2021,2022,5
DCFS,2022,2023,5
DEJU,2016,2017,5
DEJU,2017,2018,5
DEJU,2018,2019,5
DEJU,2019,2020,5
DEJU,2020,2021,5
DEJU,2021,2022,5
DEJU,2022,2023,5
DELA,2015,2016,5
DELA,2016,2017,5
DELA,2017,2018,5
DELA,2018,2019,5
DELA,2019,2020,5
DELA,2020,2021,5
DELA,2021,2022,5
DELA,2022,2023,5
DSNY,2014,2015,5
DSNY,2015,2016,5
DSNY,2016,2017,5
DSNY,2017,2018,5
DSNY,2018,2019,5
DSNY,2021,2022,5
DSNY,2022,2023,5
GRSM,2015,2016,5
GRSM,2016,2017,5
GRSM,2017,2018,5
GRSM,2018,2019,5
GRSM,2019,2020,5
GRSM,2020,2021,5
GRSM,2021,2022,5
GRSM,2022,2023,5
GUAN,2015,2016,10
GUAN,2016,2017,8
GUAN,2017,2018,6
GUAN,2018,2019,6
GUAN,2019,2020,6
GUAN,2020,2021,8
GUAN,2021,2022,15
GUAN,2022,2023,8
HARV,2014,2015,5
HARV,2015,2016,5
HARV,2016,2017,5
HARV,2017,2018,5
HARV,2018,2019,5
HARV,2019,2020,5
HARV,2020,2021,5
HARV,2021,2022,5
HARV,2022,2023,5
HEAL,2015,2016,5
HEAL,2016,2017,5
HEAL,2017,2018,5
HEAL,2018,2019,5
HEAL,2019,2020,5
HEAL,2020,2021,5
HEAL,2021,2022,5
HEAL,2022,2023,5
JERC,2014,2015,5
JERC,2015,2016,5
JERC,2016,2017,5
JERC,2017,2018,5
JERC,2018,2019,5
JERC,2021,2022,5
JERC,2022,2023,5
JORN,2015,2016,5
JORN,2016,2017,5
JORN,2017,2018,5
JORN,2018,2019,5
JORN,2019,2021,5
JORN,2021,2022,6
JORN,2022,2023,5
KONA,2017,2018,5
KONA,2018,2019,5
KONA,2019,2020,5
KONA,2020,2021,5
KONA,2021,2022,5
KONA,2022,2023,5
KONZ,2016,2017,5
KONZ,2017,2018,5
KONZ,2018,2019,5
KONZ,2019,2020,5
KONZ,2020,2021,5
KONZ,2021,2022,5
KONZ,2022,2023,5
LAJA,2016,2017,5
LAJA,2017,2018,5
LAJA,2018,2019,5
LAJA,2019,2020,5
LAJA,2020,2021,5
LAJA,2021,2022,5
LAJA,2022,2023,5
LENO,2016,2017,5
LENO,2017,2018,5
LENO,2018,2019,5
LENO,2021,2022,5
LENO,2022,2023,5
MLBS,2017,2018,5
MLBS,2018,2019,5
MLBS,2019,2020,5
MLBS,2020,2021,5
MLBS,2021,2022,5
MLBS,2022,2023,5
MOAB,2015,2016,5
MOAB,2016,2017,5
MOAB,2017,2018,5
MOAB,2018,2019,5
MOAB,2022,2023,5
NIWO,2015,2016,5
NIWO,2016,2017,5
NIWO,2017,2018,5
NIWO,2018,2019,5
NIWO,2019,2020,5
NIWO,2020,2021,5
NIWO,2021,2022,5
NIWO,2022,2023,5
NOGP,2016,2017,5
NOGP,2017,2018,5
NOGP,2018,2019,5
NOGP,2019,2020,5
NOGP,2020,2021,5
NOGP,2021,2022,5
NOGP,2022,2023,5
OAES,2015,2016,5
OAES,2016,2017,5
OAES,2017,2018,5
OAES,2018,2019,5
OAES,2019,2021,5
OAES,2021,2022,5
OAES,2022,2023,5
ORNL,2014,2015,5
ORNL,2015,2016,5
ORNL,2016,2017,5
ORNL,2017,2018,5
ORNL,2018,2019,5
ORNL,2019,2020,5
ORNL,2020,2021,5
ORNL,2021,2022,5
ORNL,2022,2023,5
OSBS,2013,2014,5
OSBS,2014,2015,5
OSBS,2015,2016,5
OSBS,2016,2017,5
OSBS,2017,2018,5
OSBS,2018,2019,5
OSBS,2021,2022,5
OSBS,2022,2023,5
PUUM,2018,2019,5
PUUM,2019,2020,5
PUUM,2020,2021,5
PUUM,2021,2022,5
PUUM,2022,2023,5
RMNP,2017,2018,5
RMNP,2018,2019,5
RMNP,2019,2020,5
RMNP,2020,2021,5
RMNP,2021,2022,5
RMNP,2022,2023,5
SCBI,2014,2015,5
SCBI,2015,2016,5
SCBI,2016,2017,5
SCBI,2017,2018,5
SCBI,2018,2019,5
SCBI,2019,2020,5
SCBI,2020,2021,5
SCBI,2021,2022,5
SCBI,2022,2023,5
SERC,2015,2016,5
SERC,2016,2017,5
SERC,2017,2018,5
SERC,2018,2019,5
SERC,2019,2021,5
SERC,2021,2022,5
SERC,2022,2023,5
SJER,2017,2018,5
SJER,2018,2019,5
SJER,2019,2020,5
SJER,2020,2021,5
SJER,2021,2022,5
SJER,2022,2023,5
SOAP,2018,2019,5
SOAP,2019,2021,5
SOAP,2021,2022,5
SOAP,2022,2023,5
SRER,2016,2017,5
SRER,2017,2018,5
SRER,2018,2019,5
SRER,2019,2020,5
SRER,2021,2022,5
SRER,2022,2023,5
STEI,2015,2016,5
STEI,2016,2017,5
STEI,2017,2018,5
STEI,2018,2019,5
STEI,2019,2020,5
STEI,2020,2021,5
STEI,2021,2022,5
STEI,2022,2023,5
STER,2014,2015,5
STER,2015,2016,5
STER,2016,2017,5
STER,2017,2018,5
STER,2018,2019,5
STER,2019,2020,5
STER,2020,2021,5
STER,2021,2022,5
STER,2022,2023,5
TALL,2014,2015,5
TALL,2015,2016,5
TALL,2016,2017,5
TALL,2017,2018,5
TALL,2018,2019,5
TALL,2019,2020,5
TALL,2020,2021,5
TALL,2021,2022,5
TALL,2022,2023,5
TEAK,2019,2021,5
TEAK,2021,2022,5
TEAK,2022,2023,5
TOOL,2017,2018,5
TOOL,2018,2019,5
TOOL,2019,2020,5
TOOL,2020,2021,5
TOOL,2021,2022,5
TOOL,2022,2023,5
TREE,2015,2016,5
TREE,2016,2017,5
TREE,2017,2018,5
TREE,2018,2019,5
TREE,2019,2020,5
TREE,2020,2021,5
TREE,2021,2022,5
TREE,2022,2023,5
UKFS,2016,2017,5
UKFS,2017,2018,5
UKFS,2018,2019,5
UKFS,2019,2020,5
UKFS,2020,2021,5
UKFS,2021,2022,5
UKFS,2022,2023,5
UNDE,2014,2015,5
UNDE,2015,2016,5
UNDE,2016,2017,5
UNDE,2017,2018,5
UNDE,2018,2019,5
UNDE,2019,2020,5
UNDE,2020,2021,5
UNDE,2021,2022,5
UNDE,2022,2023,5
WOOD,2014,2015,5
WOOD,2015,2016,5
WOOD,2016,2017,5
WOOD,2017,2018,5
WOOD,2018,2019,5
WOOD,2019,2020,5
WOOD,2020,2021,5
WOOD,2021,2022,5
WOOD,2022,2023,5
WREF,2018,2019,5
WREF,2019,2020,5
WREF,2020,2021,5
WREF,2021,2022,5
WREF,2022,2023,5
YELL,2018,2019,5
YELL,2019,2020,5
YELL,2020,2021,5
YELL,2021,2023,5
